Parameter,mean,std,2.5q,25q,50q,75q,97.5q,mc err
a,2.8341297624760577,0.16307055687004449,2.5235327267623311,2.7264203748447269,2.8306086970653719,2.937678189151737,3.1653575827831411,0.0017339564804267967
a_std,0.72215300453228393,0.13262851860465361,0.51775289093436616,0.62845218017535376,0.70400701790441134,0.79488022981735207,1.029234439464253,0.001759518413999736
a_subj.1,3.0386658818985599,0.093732302594272593,2.8625693641985883,2.9744143864960955,3.0353726768270413,3.098870655344188,3.233406820083859,0.0019001371892749519
a_subj.2,1.7341164932360997,0.057218460213041986,1.6236800769509412,1.6959216487779767,1.7336695344157853,1.7726067477921277,1.8487348041162368,0.00095355097069243339
a_subj.3,4.0377175927727045,0.12768723088945244,3.7900619549237997,3.9513858477867001,4.0354917242351247,4.1211299585935919,4.2970044107291132,0.0019569415550728738
a_subj.4,2.7849047750944731,0.086401392542598793,2.6249674403497449,2.7255122659787183,2.7822703377716258,2.842003839835364,2.9620512505463252,0.0015914930002416884
a_subj.5,3.1079664933958213,0.094654929341150121,2.9263224226620324,3.0429068572352418,3.1068262049388933,3.172774208247815,3.2953411502587007,0.0018270292268472842
a_subj.6,3.4500658851900736,0.11624068689452195,3.2335507640578149,3.3685356753157927,3.4448497480763987,3.5263336865257386,3.6901049164968334,0.0019883077200574233
a_subj.7,2.4834525300853412,0.070930773173344439,2.3456423029428017,2.4350152218971468,2.4828809016191107,2.5315641450496553,2.6237984983627944,0.0012187863715018409
a_subj.8,3.0916760966459935,0.082874004267972701,2.9318790279908526,3.034748780356908,3.0904274720871596,3.1468117622122205,3.2565953681446818,0.0013498462870674076
a_subj.9,2.4221591110291092,0.076585788745732283,2.2754943944373149,2.3696995016307727,2.4202160059912581,2.4726617402481117,2.5748020878114821,0.0014878846877452558
a_subj.10,3.6085826277537962,0.10806138779783321,3.3978352444944351,3.5356289078694907,3.6080454237802204,3.6814423717907165,3.8187778663974274,0.0019067124482344991
a_subj.11,2.0562860111659305,0.061974935239982577,1.9364961390241919,2.0141630432965334,2.0555599223847394,2.0973027188856772,2.1790319447488513,0.0010980561193546406
a_subj.12,2.3187106297327458,0.065558625504725104,2.1962085890458587,2.2733471391835613,2.3172822317853958,2.3617470957459519,2.4516979915919452,0.0011467861406920248
a_subj.13,4.3154655484654079,0.14543877162041693,4.0443495355982355,4.2148019947762165,4.3087323809799898,4.4101104172295011,4.6135319393974346,0.002863921468529229
a_subj.14,1.957319431185025,0.060415774080737408,1.8419184290250279,1.9163395051912269,1.9553575073374532,1.9979807725661451,2.0794680126834049,0.0011016919989802316
a_subj.15,2.8861864573527236,0.077592425254948361,2.7379217827944968,2.8323737641453586,2.8845751977015617,2.938235571270905,3.0415208199792652,0.0013618615421069793
a_subj.16,2.5163702876411289,0.075396517196718957,2.3738222402261036,2.4642589144544851,2.5149277090556077,2.566785388996434,2.6679163432743103,0.0014796342482208658
a_subj.17,3.2564151537906358,0.091732087919458999,3.0816483898224916,3.1948686182641408,3.2540314986804217,3.3164931889561617,3.4445938362404833,0.0017009108664337396
a_subj.18,2.385979169864207,0.072895248612477648,2.2486751527696129,2.3361506313554035,2.3846345359982131,2.4335577814128784,2.5336734010806432,0.0012517128213780388
a_subj.19,3.2273914106211734,0.094085608399125928,3.0474395234131744,3.162659820915239,3.2254559841455013,3.2886719302927867,3.4189211246232989,0.0017517622319047563
a_subj.20,2.34894813861666,0.070589453636811197,2.2160637280015911,2.3015779874383586,2.3474485724049257,2.3954125970744515,2.4904830090817649,0.0012724496959874534
v(-4),-1.4798390850956225,0.075853683168305569,-1.6309274129692959,-1.529852866958775,-1.4794163666946774,-1.4282380187254404,-1.3333016111342542,0.00098952252941685113
v(-2),-0.80248006472458455,0.07292817574417583,-0.94512980243011935,-0.85130652247961047,-0.80234243184546072,-0.7527381585988705,-0.66040314832128055,0.000789371905761279
v(-1),-0.39352840061370464,0.071704117513107735,-0.53505977210710842,-0.44108634821730131,-0.39414154314026473,-0.34558627272321274,-0.25121865908758789,0.00094319250209870184
v(0),0.057999014208904985,0.071648858691787803,-0.081650773605616345,0.0099829124342222381,0.058523062991957593,0.10586024812871916,0.19790262692458788,0.00075167300063046509
v(1),0.50457071614094073,0.072008592483394099,0.36108040263045654,0.45728964588517179,0.50429182973754405,0.55263977676229803,0.64584465542325864,0.00082542425637465388
v(2),0.89197754517286598,0.073632519280828146,0.74899694363830116,0.84182642859016987,0.8910903263737262,0.94226315153944284,1.0364151869743086,0.00081789886408449044
v(4),1.5418581315030704,0.076270132150136213,1.3927685951701489,1.4903599470865805,1.5412027679574314,1.5929085415248354,1.6926549980333498,0.0010033961182431977
v_std,0.30251927865045525,0.023077553098009313,0.26022724405650283,0.28653594660710685,0.30180393052564758,0.31727185499737842,0.35058167765747139,0.00038633849047620025
v_subj(-4).1,-1.337667819634621,0.1149446937939254,-1.5670631149591352,-1.4143987479200302,-1.3368976638627237,-1.2602604655568292,-1.1121682920077085,0.0015440690564184855
v_subj(-4).2,-1.6455896889667598,0.18026101569411096,-2.0087631907174881,-1.7643340956893045,-1.6434047621165779,-1.5250455515941799,-1.2969523155153899,0.0021123721907420558
v_subj(-4).3,-1.1091527764147575,0.092840056117250769,-1.2961612647087815,-1.1707081351351565,-1.1080329432736793,-1.0457386642961868,-0.92885373609314459,0.0010565527717307109
v_subj(-4).4,-1.2347884807528799,0.11444669965332056,-1.4611950593510161,-1.3111008167433431,-1.2343010726662962,-1.1575657936083883,-1.0105670684831811,0.0012792595112449509
v_subj(-4).5,-2.0452598970807978,0.15312650046040754,-2.3480291733276455,-2.1453897891744922,-2.0423648513007882,-1.9407887908035986,-1.7554197254091561,0.0022171046025585466
v_subj(-4).6,-1.6496651536827063,0.12539104831604705,-1.9004506770728757,-1.7330083899453737,-1.6465236233193163,-1.5658495927691849,-1.4045257649047607,0.0016532850419419265
v_subj(-4).7,-2.0085039794613322,0.16909935963325975,-2.347224891117329,-2.1208631247569301,-2.0068094910431462,-1.8898285748717796,-1.6925298070581047,0.0020874025323567554
v_subj(-4).8,-1.2533822052077139,0.12447496340359961,-1.4976083749799092,-1.337235501513423,-1.2530036382389957,-1.1677769069952588,-1.0108018195879505,0.0012639526228755264
v_subj(-4).9,-2.031909788624926,0.16687191373275206,-2.3671215663972713,-2.143930444693154,-2.0316687419580757,-1.9184064729950465,-1.7070804309589436,0.0023573012524390315
v_subj(-4).10,-1.6643658896182152,0.14666110943833052,-1.972936750989025,-1.7570889564524641,-1.6618114822895884,-1.564288229130339,-1.3849070281137699,0.0017971963462875267
v_subj(-4).11,-1.4870665029570003,0.14352086082807661,-1.7688748736015101,-1.5835373216142896,-1.4871081120261727,-1.3906426905818026,-1.2049867380702066,0.0017182181345434585
v_subj(-4).12,-1.3564985107380323,0.15182780526139009,-1.6555588914351844,-1.4571453350403492,-1.357078583669983,-1.2521092700468559,-1.064852259307592,0.0019825537875178103
v_subj(-4).13,-1.0039036216872406,0.090022097867770448,-1.1813378213125154,-1.0641159608875934,-1.0034504883000814,-0.9432891399403438,-0.82812768033652395,0.0011081214512330549
v_subj(-4).14,-1.7251941332796523,0.1604604396112484,-2.0475512962135918,-1.8296332077930773,-1.723736949849052,-1.6177354464352782,-1.4108363746933468,0.0021804915244388874
v_subj(-4).15,-1.1740575120964054,0.12715911919561312,-1.4302681402907553,-1.2575207333295069,-1.1716185885047923,-1.0883369531061646,-0.92558809346421622,0.001275357883706622
v_subj(-4).16,-1.4948194220925044,0.12993495869699268,-1.7467440941795023,-1.582710329454609,-1.4947905407887299,-1.4068163732318313,-1.2418468009375598,0.0017291638482207869
v_subj(-4).17,-0.93079226758881883,0.10276359522150742,-1.1371922092408373,-0.99923219079290804,-0.92914422904614369,-0.86260658674219348,-0.72936871615105758,0.00136086253927572
v_subj(-4).18,-1.6113748230936091,0.14621970782575205,-1.9073329610169485,-1.7078785494265918,-1.6095673260770875,-1.5124879918778893,-1.323819913984251,0.0017271426826005036
v_subj(-4).19,-1.1916482352932882,0.11342019916565287,-1.4162738371631218,-1.2683651111820464,-1.1915108749355861,-1.1139220886827084,-0.96916477704271575,0.0013428435444627861
v_subj(-4).20,-1.6578217343493118,0.1508996046300228,-1.964444145405619,-1.7593881133333118,-1.6541645963503253,-1.5542291998011928,-1.3660257088179997,0.0016299261770017139
v_subj(-2).1,-0.82272788792124918,0.098308279627927167,-1.0159173311836827,-0.88772093430640364,-0.82278336721101941,-0.75607491278974148,-0.62998848693792509,0.0012950548309894954
v_subj(-2).2,-0.9849524749660894,0.15167320952549751,-1.2883737623286728,-1.0854714864243165,-0.98425915092370819,-0.88410811210937834,-0.6902602132151312,0.0019201136645145499
v_subj(-2).3,-0.69879271200937143,0.092259482279260535,-0.8849531056190183,-0.76082554181370865,-0.69655929157969754,-0.63511587287705729,-0.52560039786912816,0.0012533667099517772
v_subj(-2).4,-0.73426862689531147,0.10176502434488637,-0.93654194419277581,-0.80267394580132989,-0.73156789242938247,-0.6647040514423147,-0.5397618323160317,0.0011528270042102976
v_subj(-2).5,-1.0101388568851621,0.1191469663543186,-1.2503240602063406,-1.0896428804455842,-1.0075999254240631,-0.92943881273613249,-0.77936975959036392,0.0013405593215788667
v_subj(-2).6,-1.064690627073827,0.098389312559122158,-1.2611339906447334,-1.1294899249267902,-1.0638136801384828,-0.99797224338715151,-0.8744381293270006,0.0010988562234037075
v_subj(-2).7,-1.0826625833141552,0.13803304596303131,-1.3539484401309967,-1.1742418950463098,-1.0829019022686044,-0.98886552996033394,-0.80918987986011692,0.0015980829181604212
v_subj(-2).8,-0.54649686633667405,0.097575998706102937,-0.74305944328540463,-0.61190747086107233,-0.54419775551030858,-0.47973535182076166,-0.36112780906547859,0.00094627323254791828
v_subj(-2).9,-1.0721606063043934,0.12062320308829266,-1.3175564521500744,-1.1517894625786531,-1.0694436838082519,-0.99048102004716676,-0.84201265372468992,0.0015874703779871519
v_subj(-2).10,-0.76385815139023672,0.10572276959288023,-0.98114730074739287,-0.83262131125380323,-0.7617232092040892,-0.69251071290745125,-0.56134747546446617,0.0012409846375136271
v_subj(-2).11,-0.62768151277315587,0.12088357798446862,-0.86437186564631863,-0.70929695259387815,-0.62647548240987738,-0.54621380986496448,-0.39344943607531835,0.0012833537110313682
v_subj(-2).12,-0.8953306405638497,0.13857039920069594,-1.1733267488838286,-0.98797260951587984,-0.89501117204930991,-0.8022246036461208,-0.6207891971261883,0.001460316881987069
v_subj(-2).13,-0.29848722284517826,0.0669001345225647,-0.42912903852128614,-0.34373098145929304,-0.29767227820954001,-0.2532384826689878,-0.1682758517367165,0.0007992082124067127
v_subj(-2).14,-0.95462175886425571,0.13477733576513834,-1.2178886116736563,-1.045191504068133,-0.95345859477067785,-0.86287336724694663,-0.69276896398524668,0.0016396249752855644
v_subj(-2).15,-0.76321536536236745,0.11832427052355747,-1.002214974723098,-0.84169595640146311,-0.76034443172636412,-0.683367560758393,-0.53630959240389964,0.0012551108107747362
v_subj(-2).16,-0.78960363913164733,0.11024184054464599,-1.0090455698060119,-0.86262157235391468,-0.78835701405312808,-0.71600494224520284,-0.57703491513821348,0.0013213358480280925
v_subj(-2).17,-0.34465487458544292,0.084143457982553391,-0.51370688331567349,-0.40120766837437671,-0.34322547922622915,-0.28774172126278441,-0.18354115794723197,0.00096548286516503936
v_subj(-2).18,-0.77468917751157518,0.11862295866190754,-1.0118683882013486,-0.85300244555975357,-0.77231741053848046,-0.69269867282054087,-0.54430551131144267,0.0013823391091751045
v_subj(-2).19,-0.57277132194127889,0.093350149210786035,-0.76079405377151343,-0.63539581908267517,-0.57109328081040112,-0.50908532744801227,-0.39234007567859708,0.0010132309927911728
v_subj(-2).20,-1.2942511277295132,0.14565963882933419,-1.58026306503259,-1.3914387872709275,-1.2920199367983227,-1.1955491924875343,-1.0078321683624862,0.0017362298935420322
v_subj(-1).1,-0.47733314739905108,0.090127589754782106,-0.65554261172088157,-0.53886911856451047,-0.47648205804268329,-0.41530216953431853,-0.30404789699985613,0.0010440933937895817
v_subj(-1).2,-0.8256645198638487,0.16777564646195828,-1.1698806444589582,-0.93577761357107492,-0.82056149674925094,-0.71206880238897563,-0.50669497938377028,0.0020069177329049368
v_subj(-1).3,-0.54791326378922933,0.079706369484929943,-0.7049895657176195,-0.60193211082283149,-0.54553718126587536,-0.49439212724464859,-0.3944693540948272,0.00090943169523969615
v_subj(-1).4,-0.34404527987211586,0.092306045713194618,-0.52687352790992248,-0.405646366523982,-0.34372833487607224,-0.2818586232230551,-0.16217444388836677,0.0010780105607975014
v_subj(-1).5,-0.38921993076211886,0.081646366903801615,-0.55048913790137,-0.44325668855841105,-0.38806311045567682,-0.33402346530565485,-0.23125750727167793,0.0009517496992432282
v_subj(-1).6,-0.60690577815227376,0.084961605511700344,-0.77172133526189701,-0.66396142641018752,-0.60742621147960574,-0.54964718642070021,-0.4375457701733082,0.0010510691643713763
v_subj(-1).7,-0.31754602996386183,0.10084639475156462,-0.51651023604814461,-0.38381492762670288,-0.31719772927672474,-0.24882030360894714,-0.12066187464341316,0.0011029244808074214
v_subj(-1).8,-0.17988082028372793,0.081277830191066963,-0.33602571327102504,-0.23433359113456051,-0.17988337445520697,-0.12495752342015834,-0.01992275174777014,0.00077972730833008913
v_subj(-1).9,-0.53147478625249645,0.10751406481318758,-0.74171789820654177,-0.60374756097228222,-0.52976968553443138,-0.45848878083444311,-0.32430062515163771,0.0012435082390024497
v_subj(-1).10,-0.19345656396826497,0.069426254707014884,-0.3285003213099581,-0.23960184709022642,-0.19342325424871332,-0.14715306734679834,-0.057636316170856849,0.00073107915196314295
v_subj(-1).11,-0.040981037129270856,0.11216299674528134,-0.26301148130465479,-0.11637753064273433,-0.041017110206151342,0.034005275903336019,0.17966297007225229,0.0012748568416968348
v_subj(-1).12,-0.17244775840467041,0.10346719956731101,-0.37656616257131198,-0.24199209107580888,-0.17236661612272119,-0.10273681538377266,0.029461499522869916,0.0010220190699876796
v_subj(-1).13,-0.07083182095159346,0.067887167407287868,-0.20223719011148222,-0.11655444392105539,-0.070223652804131009,-0.025116141654985213,0.062376158581077146,0.0007533455751727871
v_subj(-1).14,-0.50691757579683239,0.13136741249554071,-0.76454723449491269,-0.59575000257257904,-0.50707348430793897,-0.41721509825306335,-0.25261850706757438,0.0013190198200146916
v_subj(-1).15,-0.41847930026980756,0.092294039487716792,-0.60253807153858308,-0.47853411020498149,-0.4171450469534711,-0.35714761685394203,-0.23789797519235067,0.0010501137604544352
v_subj(-1).16,-0.50738805761281625,0.1000639508129426,-0.70958830715164734,-0.57368301965574664,-0.50732319138778814,-0.43958211509378242,-0.31476602581811752,0.0011889180958343955
v_subj(-1).17,-0.18483718544377753,0.083824826909688274,-0.34737729094511199,-0.24330957576778656,-0.18396595337850638,-0.12705340986994954,-0.023020191987297323,0.00091172206555275963
v_subj(-1).18,-0.53158607327006169,0.10985571531210181,-0.74418520616637962,-0.60503766235209766,-0.5294020077489251,-0.45764534870074886,-0.31829722430803037,0.0013133829420758068
v_subj(-1).19,-0.1909865162264259,0.083955349953986305,-0.36047938973636134,-0.24657063498464069,-0.19058304513621954,-0.13433650927341828,-0.028350547732902132,0.0008666375660704948
v_subj(-1).20,-0.85795847802856884,0.13723989947015008,-1.1347468051514846,-0.94930401104999285,-0.85679259593012358,-0.76329012471804747,-0.59719833749240103,0.0016777640434082867
v_subj(0).1,-0.049283442334476249,0.088113104796049002,-0.21927853010077819,-0.10767020379877112,-0.050947876810257586,0.011189768077088269,0.12313834661613954,0.001115469248850491
v_subj(0).2,-0.22378532169224349,0.1395028686850836,-0.49942685576488499,-0.31871907724020088,-0.22386785298428569,-0.12785262899284211,0.052552744375141458,0.0017847967649206949
v_subj(0).3,-0.30008889530215993,0.073302596061940631,-0.4478438592210805,-0.34843235748628992,-0.29984390337738837,-0.25056062011150981,-0.15948499712856973,0.00080058858221603772
v_subj(0).4,0.06353936463880587,0.094406220828718954,-0.11734310309230533,-0.0010637789217540217,0.064085799978258418,0.12547755440061431,0.25248911590854139,0.0010843969311884326
v_subj(0).5,-0.020232847391440847,0.080561062914227502,-0.1786379385326165,-0.074167552050600799,-0.021293309266863569,0.034912154811365892,0.13734277493900787,0.00093781487264673767
v_subj(0).6,-0.078751611578356001,0.074215033616166701,-0.22472629245774367,-0.12796424839541187,-0.077423600936596115,-0.028962737939547872,0.063682563616566878,0.0008241256190536691
v_subj(0).7,0.074245175084288198,0.09231198775826184,-0.10888455379927581,0.01242695962252427,0.073929291615694948,0.13549809724388262,0.2564218441145858,0.0010180384913457282
v_subj(0).8,0.068569781931174661,0.079099679422658969,-0.089562587290441531,0.01572731538380967,0.069022371554303241,0.12169941842370591,0.22419642802218132,0.00072127986936265426
v_subj(0).9,-0.056145883504191793,0.10330981925656398,-0.26147561338344011,-0.12578104471497684,-0.056030063732644575,0.013275145497599006,0.14504048704681366,0.0010346363238821325
v_subj(0).10,0.11245727743953959,0.070699709876191869,-0.025069876116858514,0.064807319967813193,0.11173266216629557,0.15901232419349715,0.25458979082396449,0.00075971313368565681
v_subj(0).11,0.29816968102755348,0.11696416103976028,0.074167094029429337,0.21751178074809574,0.29835435205293914,0.37694596252057377,0.52884439481004408,0.0015318087846371608
v_subj(0).12,-0.049572785055776607,0.10385691588209547,-0.25351117099924891,-0.11964685795096444,-0.048963120670601018,0.022088075430226173,0.15007091612873469,0.0012604279834877888
v_subj(0).13,0.45882635487113793,0.075645976384613997,0.31302252184083484,0.40767835917878048,0.4581603459415925,0.50986826532126683,0.60887895359917854,0.00088700774722068733
v_subj(0).14,0.19839058040764804,0.12059793925503005,-0.039681908459110904,0.11691574084726372,0.19833820161303678,0.28006774045499844,0.43352666203941437,0.0014306356805042024
v_subj(0).15,-0.12058106287760427,0.086456028244213112,-0.29152030438567816,-0.17974369966486003,-0.11962735443449002,-0.060713346811046121,0.045876272965010845,0.0010378126142073102
v_subj(0).16,0.10542811125658505,0.10215131792435002,-0.095250346466534352,0.036426797620709217,0.10638199620455796,0.17372893235079623,0.30686255181765898,0.0012646676988905784
v_subj(0).17,0.21362525908377691,0.08535212931673461,0.047226016061595599,0.15515073047640771,0.21399057903848306,0.27178441357046268,0.38038915070595614,0.0010376708572868028
v_subj(0).18,0.31505544403722568,0.10121162551090632,0.1149505201877119,0.24773932171186525,0.31495994173889785,0.38301296772307447,0.50990910437871306,0.0011279436402484983
v_subj(0).19,0.22651522909936775,0.080581045852268565,0.070937931128504994,0.17186776707158258,0.2254808295211996,0.28005530462137768,0.38751169652642853,0.00088061756853052983
v_subj(0).20,-0.11911972865054563,0.10154031633676813,-0.31813825602284251,-0.18700960194681435,-0.11937144311700787,-0.050036828764566388,0.07772075861215122,0.0011070830388971863
v_subj(1).1,0.50375929563015276,0.096588115630314567,0.31481096981583145,0.43868613843870996,0.5034560720766359,0.56772008763618986,0.69811863077058223,0.0010607936802235105
v_subj(1).2,0.16470878250367191,0.12977515586400812,-0.08880540682397553,0.077133652964056054,0.16550615809008784,0.25200260896324944,0.41627388727512327,0.0014898448728009068
v_subj(1).3,0.13422023286591697,0.070400992256091172,-0.0030854693305621267,0.087210219610645429,0.1340783161846294,0.18111422187900686,0.27105360059174166,0.00079053960815574239
v_subj(1).4,0.54387771130574414,0.095655500372465105,0.35780365110686563,0.47910200743696474,0.54146323032501731,0.60865078027560704,0.73332602295162663,0.00097942603888255086
v_subj(1).5,0.64604670796111596,0.090849874540196732,0.47109008704691541,0.58416778418988025,0.64463420018868611,0.70867132498695273,0.82394633273308293,0.00091350074914217107
v_subj(1).6,0.57197084250106578,0.085101763792392218,0.41131102672461356,0.51386493005596157,0.57016530751583294,0.6272063574395369,0.74742186279038703,0.0010332803280695044
v_subj(1).7,0.60660730662628926,0.09615894935672463,0.41850306519955793,0.54123362769780836,0.60700940536940329,0.67173825969251011,0.79702475719385979,0.0010860898224918161
v_subj(1).8,0.29578101552100527,0.084984076788714363,0.12818894494165095,0.2384352453853964,0.29558652592003987,0.3536710001442841,0.46238664890188391,0.00085557502358644629
v_subj(1).9,0.50417918049116528,0.1048912479508286,0.30059752367728015,0.43118421004986696,0.50334241790964551,0.57401621729537,0.71136935639655285,0.0010866821632706271
v_subj(1).10,0.69215859954997927,0.07775457207261155,0.54237752884690937,0.63870267549063175,0.69202884048431734,0.74411485640543407,0.84716141246955523,0.00086095595030808087
v_subj(1).11,1.0274334775983029,0.1469003561842738,0.74378317344435185,0.92856750082456629,1.0252811144815217,1.1258517607975052,1.3193254756340447,0.0015657364125783442
v_subj(1).12,0.51864202293413308,0.10223267817621293,0.31945042341800634,0.449770736709031,0.51653028924689304,0.58758468502599537,0.72188640604868759,0.0010430796211229531
v_subj(1).13,0.66278704270595734,0.084045603051364506,0.50091339481112052,0.60671533308475323,0.66146369304550146,0.71864763628297845,0.8273924818284033,0.00092666830655818992
v_subj(1).14,0.79951293084818364,0.12876255015522278,0.55376659312263121,0.71047508059298603,0.79942008911525342,0.88838845523965437,1.0523083436579883,0.0014692310728837467
v_subj(1).15,0.15603263105286938,0.086034677545740304,-0.014377609379652025,0.097664324591449914,0.15710788588842362,0.21365282659878165,0.32501179212396003,0.00093070244795986803
v_subj(1).16,0.6020982408211818,0.11099207228142381,0.38656266494244779,0.5276614377694181,0.60054137505917127,0.67607187736511731,0.82295352980648828,0.0014053820744032001
v_subj(1).17,0.34752444788313025,0.082456482072253756,0.1874217002863181,0.29178931156274424,0.34683520832308001,0.40257423359393085,0.51076577536074574,0.0008431891542809341
v_subj(1).18,0.65404031931150253,0.11854882958624857,0.42892901864120087,0.57222227597784148,0.65138769867735524,0.73296158783802423,0.8841853577114771,0.0012652204523055191
v_subj(1).19,0.41113731278718779,0.082082634955688877,0.24983636262219555,0.35634329422137501,0.41004819799266512,0.46593707094215087,0.57270008402232531,0.00087083324955164693
v_subj(1).20,0.24798437487004235,0.099296543542231192,0.049080588161506428,0.18177391454279979,0.24912574336024482,0.31434461112035617,0.44012616866297655,0.0011883630654672547
v_subj(2).1,1.0206221604285448,0.099149292488292615,0.82612741988389715,0.95390408816121031,1.0202193394050618,1.084973587815953,1.2200986226538539,0.0010835924200174869
v_subj(2).2,0.77604121106732404,0.14130623669816211,0.50273077313763992,0.67982519886791981,0.77507533377378268,0.86992231435343115,1.0555075696424174,0.0016885454687805101
v_subj(2).3,0.33062711029848912,0.075022713132147742,0.18455192651235036,0.27899908415223718,0.32911310575974845,0.38015592411182497,0.48202372678756955,0.00086156992212957481
v_subj(2).4,1.0677671110031075,0.10918930845677333,0.85611987230975228,0.99441331236740427,1.0674101451502174,1.140000730682905,1.281485444621451,0.0011622643887847703
v_subj(2).5,1.2262375913139223,0.13487070718363611,0.96382979811845304,1.135061447407685,1.2238305024835716,1.3167116965211809,1.4927697470050978,0.0017004661734183058
v_subj(2).6,0.98510894488288037,0.096450035604704248,0.79854941452679085,0.92034027767377791,0.98336148587801153,1.0494877364472095,1.1773690087952797,0.0011122559959369858
v_subj(2).7,0.90759659448274066,0.10868608117554253,0.69298501601275841,0.83503633275058387,0.90719205527709978,0.98090453906066144,1.122077474898707,0.0012125397636620625
v_subj(2).8,0.66032338554598546,0.10520572462808522,0.45933227662514386,0.5891183684269885,0.6573529771410811,0.72874009677455365,0.87899787620457559,0.0012744602899039984
v_subj(2).9,1.0351740809321432,0.1253919837635537,0.79238920824126313,0.95081358869101773,1.0311130033890494,1.1169001186313336,1.2900297385677151,0.0014433851193767502
v_subj(2).10,0.97529049056276929,0.096606404821956926,0.79458702487515498,0.90848496175770599,0.97299135460245179,1.038611661606375,1.1698336562022871,0.00099960807064077136
v_subj(2).11,1.3068557417823181,0.14890798660304766,1.0141614820765348,1.2068181771699358,1.3050735727771028,1.4061981301277555,1.6035676067688909,0.0016196452656578823
v_subj(2).12,0.93881974040563343,0.1258268834626394,0.69069691152284474,0.85403605875720046,0.93813079843184477,1.0228412138829275,1.1909161269673727,0.0014038776062437548
v_subj(2).13,0.8132052540060104,0.08314524431080017,0.64945069798967714,0.75671511936742009,0.81199541041390355,0.86828463712822979,0.98121207769853747,0.00099560398062984974
v_subj(2).14,1.1161230931055537,0.13846326394477851,0.84307045141826498,1.023913899749211,1.1161183574214977,1.2088917184038328,1.3855238981530427,0.0015204563780215376
v_subj(2).15,0.47153608824368309,0.089220560065279134,0.30215636402414203,0.41097087410808297,0.46968381581208657,0.53092987263902758,0.64998023715065956,0.001057495874472851
v_subj(2).16,0.99754287905544314,0.12441842638951574,0.75624473271772308,0.91311458358128872,0.99654999332362504,1.0798438665099022,1.2456774698331843,0.0014396949535500621
v_subj(2).17,0.555583328310019,0.085940248915247791,0.38762417837153862,0.49805716542653683,0.55494207421035058,0.61264359120610257,0.72838874047533575,0.00079513974761945467
v_subj(2).18,1.0764798618999114,0.11697337303774537,0.85033263418786675,0.99665089772026794,1.0774341180485578,1.1551611608254535,1.3057088873035871,0.0013526322016874633
v_subj(2).19,0.94268322594258969,0.10372753317434701,0.73856460471207597,0.87422672017903214,0.94312561473901924,1.0118583967499317,1.1502392194916702,0.0011066834099447227
v_subj(2).20,0.6263424560222931,0.11155191783633479,0.41497706289821545,0.55113404156294188,0.62418492401284753,0.70048923181366263,0.84783582085902565,0.0012378449502475136
v_subj(4).1,1.3345389488924539,0.1112223762246566,1.1159883682852991,1.2599686725400887,1.3337463806550263,1.4106641415932646,1.5535684955085944,0.0013754173192472646
v_subj(4).2,1.496856924173962,0.16315538889100623,1.1859286978378154,1.3855173796389995,1.4933949257144206,1.6037852299403994,1.8293758220839544,0.0019441743025381166
v_subj(4).3,0.90390098330809765,0.085501265644820704,0.74203404473689283,0.84578816653115041,0.90223229049156028,0.9606599098233406,1.0744379531607313,0.0011081384977184214
v_subj(4).4,1.6690259048927623,0.13602359150465659,1.401659076598786,1.5776075205255391,1.668193052101421,1.7594817407391488,1.938931146374443,0.0015794380845382473
v_subj(4).5,2.0857810965959063,0.15498510741266436,1.7859776843883826,1.9805710101679876,2.0835718476981824,2.1907448003515357,2.390141973212244,0.0020582621710102484
v_subj(4).6,1.788708739553468,0.12676476728959921,1.5380804489488804,1.7035854513240052,1.7883734292146096,1.8733924577942385,2.0404325937026453,0.0016234911296476543
v_subj(4).7,1.4752163856542222,0.13805635600469746,1.2077467621204301,1.3810564711820112,1.4735702841022809,1.5701340527573735,1.7491975062969227,0.001641939091804281
v_subj(4).8,1.0886560618120305,0.10591821627509718,0.87924140983153554,1.0165939710624949,1.0867864316593265,1.1607025643906115,1.299270416466507,0.0012300376463096608
v_subj(4).9,2.0866516447235148,0.15469048274335687,1.7860396375630359,1.9825523503429323,2.0845816330889577,2.1903421628671405,2.389796987945223,0.0019908788282266246
v_subj(4).10,1.9924918506280105,0.14171522772987211,1.7216045649476213,1.8953991896853295,1.9922599126802161,2.0873788767270232,2.2763363890802943,0.0020133851245056934
v_subj(4).11,2.0406678295275942,0.16950153863260872,1.7084039313473387,1.9252000270060807,2.0376856325159478,2.1564586820745406,2.3778281214385979,0.0019995096000062882
v_subj(4).12,1.5654035278939242,0.13561668750962647,1.3029082706317561,1.4726210412180947,1.5617981336775106,1.6569249802421253,1.8343599663063086,0.0016562295388322078
v_subj(4).13,1.4617629081567491,0.11642112694633058,1.2421966450603867,1.3820939935738827,1.4602614997621397,1.5392314302467862,1.6952763427705493,0.001420294161139548
v_subj(4).14,1.7096095571005738,0.15424834759462866,1.4121629241819906,1.6055264604371642,1.7074343515985675,1.8124030101832118,2.0138970422429647,0.0016298775262497147
v_subj(4).15,0.884087902871729,0.11272463156627802,0.66613131531434855,0.80773103759944342,0.88276839012136066,0.95819787392964195,1.105686077783661,0.0014341108954277672
v_subj(4).16,1.5258161026079258,0.13037874558496693,1.2746558892442845,1.4378342082576803,1.5260955367622027,1.6132595514925347,1.7824446000526593,0.0016712590455794055
v_subj(4).17,0.8489565437751968,0.084835975754061266,0.68595703069106273,0.79160509750313912,0.84793774712802183,0.90524884322314503,1.0176442632071709,0.00096984160263003587
v_subj(4).18,1.9573550925012475,0.15839012267604882,1.6489373695991147,1.8506366858675569,1.9574247819174739,2.0629992442997196,2.2693686009778054,0.0017612067557899226
v_subj(4).19,1.2347608155147385,0.10655164051603407,1.0265859461852269,1.1630411402557268,1.235575747917306,1.3061280485653415,1.4427544648203026,0.0010847609341647585
v_subj(4).20,1.6812343179652816,0.14809478845064772,1.3957617490408905,1.5803336300059072,1.6796997421546684,1.7808760718795948,1.9768571762332381,0.0018419744816927368
t(Aperiodic),0.59566366305111917,0.051828074953689289,0.49545628537613934,0.56083060823605813,0.5949571678623049,0.62999166278462826,0.69960240694240827,0.00063915741986462387
t(Periodic),0.58860236242067521,0.05108841227123976,0.49218222321560612,0.55439042602897159,0.58755321617270417,0.6222763110099202,0.69320068436170001,0.00068004129086836286
t_std,0.24511283339151538,0.033207203413700696,0.19064401559104377,0.22192595668982998,0.24140732574801765,0.2647919888953148,0.31909056868308866,0.00048779376980176328
t_subj(Aperiodic).1,0.58237762001323468,0.04442817488323058,0.49490429437540745,0.55214224721834215,0.58279672998005527,0.61264942546041889,0.66760670651584153,0.00078727548377743872
t_subj(Aperiodic).2,0.41046735796094946,0.022504897039088489,0.3656247111189983,0.39562349317448037,0.41067760096869221,0.4257479109902928,0.45397702581735794,0.00034961130868374599
t_subj(Aperiodic).3,0.63956983138024093,0.07499170230168449,0.48676755454418019,0.59105210861980684,0.64250421717416062,0.69185505519005142,0.77977615199458417,0.0011019211527916782
t_subj(Aperiodic).4,1.1885726993460575,0.0415255357743829,1.1061673098713722,1.1604640216815638,1.1893341726697839,1.2166820584315348,1.2710113520855897,0.00068348350739553523
t_subj(Aperiodic).5,0.27537179534563727,0.030674703250023156,0.21816099542884368,0.25362738639190713,0.27470301210634313,0.29648420749659377,0.33631909549384259,0.00050178214162442962
t_subj(Aperiodic).6,0.44518609626714878,0.040639510714012832,0.36137247559970426,0.41808284889459635,0.44654671728891321,0.47294980131202058,0.52041684269779265,0.00063858747501583225
t_subj(Aperiodic).7,0.26780080566610814,0.02557589404777855,0.21958349273508937,0.24980898715933572,0.2674761471607533,0.28513148088060292,0.31911589076897662,0.00037391209475572102
t_subj(Aperiodic).8,0.62133301021089193,0.042475512086962361,0.53507307794358394,0.59324875502480967,0.62267716548321106,0.65073092777649943,0.7023030991559267,0.00059171411505957517
t_subj(Aperiodic).9,0.30681389749309435,0.026814351682209355,0.25245402296429592,0.28916135075567934,0.30740467654010656,0.32533662967613136,0.35642038373221441,0.00049409028427907769
t_subj(Aperiodic).10,0.2892030976438183,0.037086821538560598,0.22033071598261733,0.26247758637392343,0.28888233047810025,0.31497163255475652,0.36303600793116847,0.00063241017753206037
t_subj(Aperiodic).11,0.7302333923515355,0.024421627673495067,0.68096500814473915,0.71395480024435076,0.7299701314000927,0.746669394982307,0.77830066524349995,0.00052366573495399055
t_subj(Aperiodic).12,0.77261807860552523,0.028049226539247085,0.71579581546188231,0.75432176105961013,0.77307960449685209,0.79167536575151065,0.82676514594156414,0.00045071898211355088
t_subj(Aperiodic).13,0.71074833912367452,0.065258237398286567,0.58030140099342664,0.6676988634924832,0.71181020195978539,0.75507823208828218,0.83487366533093499,0.0012409757093702484
t_subj(Aperiodic).14,0.74631171800456275,0.029190494608242887,0.68992080581131487,0.72660600514986351,0.74573461883703862,0.76561715456647184,0.80491969766825489,0.00052509641683723277
t_subj(Aperiodic).15,0.48465798543802385,0.038134390208994902,0.40684408854117116,0.45861078320889781,0.48589448703073745,0.51216628522512342,0.55509573278045665,0.00061676985696616955
t_subj(Aperiodic).16,0.52493152011894739,0.031277384961921346,0.46314873569227843,0.50380668069846923,0.52497680257942703,0.54654685037978423,0.58502023547965964,0.00059395579607411479
t_subj(Aperiodic).17,0.84179144537549344,0.071351006861419874,0.69334453228812665,0.79484374566883276,0.84500897231996175,0.89208404315822132,0.97363071814723923,0.0012475388598399075
t_subj(Aperiodic).18,0.99685229127883324,0.028524137316614347,0.93958887276547798,0.97823381731939352,0.99678329141020805,1.0163744483298902,1.0517892240825559,0.00049938227170510312
t_subj(Aperiodic).19,0.74571484367503094,0.050152723240411277,0.63988520091932399,0.71345133362288515,0.748551464539287,0.78038099827315954,0.83646419645273162,0.00081686164281741442
t_subj(Aperiodic).20,0.63948822092951874,0.026505090997178623,0.58451215666025247,0.62219368484221171,0.64018808490411483,0.65737486395372002,0.6894704026919376,0.00046111808886833798
t_subj(Periodic).1,0.54525541435268465,0.039666014305774204,0.46734457355190911,0.51880825930031216,0.54523042768077501,0.57169439195556182,0.62576181175309098,0.00075986983024274536
t_subj(Periodic).2,0.41730142197553477,0.022106839906837518,0.37337074759565536,0.40271517581727184,0.41751242895620116,0.43197288509669607,0.46087264116761639,0.00032702034863580097
t_subj(Periodic).3,0.55617622739699468,0.08634291947077069,0.39462784573049703,0.49471534421838015,0.55207299892369921,0.6154314478134687,0.72571771959986997,0.0012799265035954841
t_subj(Periodic).4,1.1237171890964059,0.040146153657637358,1.044401656453297,1.0969283909665968,1.1249694331881348,1.1514588321455854,1.1998328715774818,0.00067618048496699708
t_subj(Periodic).5,0.27014501270055319,0.029311393913693896,0.21531986652961088,0.24975858050217803,0.26966967034313211,0.29020711451571368,0.32847396767289472,0.00052204537692220857
t_subj(Periodic).6,0.42879528810590539,0.03943139604895847,0.3493167110871091,0.40270338470056122,0.42937370899044291,0.4555856915868885,0.50342942325553841,0.00067224744166710887
t_subj(Periodic).7,0.29612194146535886,0.028907639751258495,0.23942865340971078,0.27660810607881708,0.29668855219957757,0.31578851615148085,0.35188064006437686,0.00039893753114782996
t_subj(Periodic).8,0.52426628288433275,0.04046923787261672,0.44334835509493603,0.49712595057986902,0.52500369551469894,0.55222334109527238,0.59921480240905978,0.00056363456770053353
t_subj(Periodic).9,0.33599586926651143,0.027739487876472575,0.28055756136651427,0.31780340210387908,0.33682777658315938,0.35491992191869765,0.38954275769845237,0.00050701727527279405
t_subj(Periodic).10,0.30760146753037432,0.0387251540126115,0.23056314529176278,0.28113945635601073,0.30780607255744863,0.33477803879030316,0.38140126367269572,0.00062654702072904443
t_subj(Periodic).11,0.78172124158091905,0.024518403095328878,0.73112629298624798,0.7660359140472115,0.78231241611780278,0.79795073374712655,0.82849692839224609,0.00041225607870178918
t_subj(Periodic).12,0.73683132691402176,0.028478267463991982,0.67869937738139829,0.71761747206786641,0.73794214863426144,0.75622041880536739,0.79047528371682452,0.00047661614517327479
t_subj(Periodic).13,0.61000638059175849,0.062467732735324077,0.48222443661189807,0.56922872026568871,0.61169709336031441,0.6522666219540908,0.72620515535187813,0.0011875068472271245
t_subj(Periodic).14,0.68051325315398237,0.023806275404634168,0.63355095095451819,0.66454252277563286,0.68063026443600327,0.69651290721891734,0.72604867133544526,0.00041184411860114743
t_subj(Periodic).15,0.48964195095118423,0.038021735463199903,0.41275447391112802,0.46509390872520273,0.4904474182996672,0.51615382722759795,0.56107525463091923,0.00057681544623995129
t_subj(Periodic).16,0.53504795950483663,0.033120470742649247,0.47157844628772744,0.51260083862224048,0.5344844178456154,0.5566393692826006,0.60246824532589438,0.00066054504151337684
t_subj(Periodic).17,0.75851977325334208,0.054781568742766344,0.64729573810851848,0.72232722386332038,0.76060154764916732,0.79690550011472083,0.8599970307590179,0.00087749813051711013
t_subj(Periodic).18,0.87564711209165658,0.02880148405171265,0.8199317813272563,0.85635404990296826,0.87542928169345813,0.89496480275276891,0.93248657878443142,0.00045349027771545954
t_subj(Periodic).19,0.79779478406526627,0.043841638944419468,0.71047875913257053,0.76851420566381612,0.79862609144796537,0.82720660873799612,0.8824187039995055,0.00069265504874324634
t_subj(Periodic).20,0.64108056112348366,0.02777824047584267,0.58473769014024346,0.62264986251155174,0.64170264231678131,0.66022212694177818,0.69331393188733981,0.00051233797069592715
sv,0.040558617339010186,0.029977331372696453,0.0015569365221184729,0.016367454002689338,0.034826590424058043,0.058375420922479271,0.11087010002328293,0.00041489097961382952
sz,0.039843627112193435,0.030500976936279539,0.0016605908633490836,0.015714758624252843,0.033178916665243502,0.05702927443279858,0.11465514700159239,0.00044707361913809835
st,0.40617897181843871,0.02627585126791326,0.35524528209827788,0.38803187073145751,0.40612555829788077,0.42425192873645678,0.45792688421071209,0.00065679751789935045
z,0.48608884410641484,0.007775997664089573,0.47090534266092415,0.48092539025812958,0.48613441444594091,0.49128070384608813,0.50142015958650954,0.00011800471421385213
z_std,0.11476390504483365,0.019548290916860073,0.079498109955861235,0.10129172994801872,0.11371027533920108,0.1273747504762017,0.15582539632045589,0.00038198523585803042
z_subj.1,0.51063096434541277,0.014944877223603053,0.4818574039152827,0.50038780347088474,0.5104576548804296,0.52064059500497384,0.54048637345570882,0.00023922541000402815
z_subj.2,0.48092613260919204,0.016314746911549959,0.44920214833362715,0.46987065641594916,0.48097945867026948,0.49207260785891638,0.5127297250129218,0.0002659503632399148
z_subj.3,0.4842786342304653,0.016265893854451593,0.45252687812517006,0.47348162035721569,0.48426250343054555,0.4952874116168054,0.51602508144509474,0.00027639611670758185
z_subj.4,0.49105091420010794,0.015155539894086228,0.46066315285793269,0.48095168981545255,0.49115270347653661,0.50109802642207812,0.52118031981323165,0.00022663154325758655
z_subj.5,0.5348821805433146,0.015010769327921492,0.50593635255415048,0.52461465473911206,0.53478185685910173,0.54506068795021012,0.56512529007526402,0.0002750611819611921
z_subj.6,0.49542432916157675,0.014320110130565705,0.4683910235436235,0.48569199051394835,0.49508152471948119,0.50508061683152128,0.52425476980332597,0.00022685861045052778
z_subj.7,0.46199244833891928,0.014790193387478844,0.43303344096519492,0.45225018498925001,0.4618795105505481,0.47178524739719607,0.49132091106175663,0.00021218070344819164
z_subj.8,0.47640282571207188,0.014777343698676917,0.44745817824654111,0.46648112602876479,0.47633236122010991,0.48656589920636106,0.50523956131792869,0.0001980461225401775
z_subj.9,0.4869984660404939,0.015026201912493178,0.45774547589389725,0.47677922622820856,0.48685465623640101,0.49718095445612781,0.51667741395730615,0.00022385037408605087
z_subj.10,0.5018753537021885,0.014165084234324932,0.47362202456304109,0.49263409888610915,0.50180797794753051,0.51132634440510771,0.52954736174000128,0.00019585184329510251
z_subj.11,0.5181520563824541,0.016157417635904354,0.48696052253408867,0.50693637489412202,0.5181060106659664,0.52901085671712744,0.55009326649203683,0.00026891523678237018
z_subj.12,0.45385559744080245,0.014644388644191233,0.4249772289758455,0.44411715426512516,0.4538997373620815,0.46383241833545169,0.48231717538320668,0.00020617438542689333
z_subj.13,0.49301131998281128,0.015453711086621942,0.46321866065530853,0.48241069624153005,0.49291407812382187,0.5035590185137182,0.52334169203797476,0.00025782976061318978
z_subj.14,0.50685489136714645,0.015640048952965058,0.47687258959187656,0.49622505121266663,0.50685859790441889,0.51737198703576615,0.53759599932827051,0.00023330928232971848
z_subj.15,0.442803152477381,0.015334228814029452,0.41251005686848236,0.43257262595999013,0.44280284219053906,0.45298366663359241,0.47284134563423535,0.00027245020303183623
z_subj.16,0.53694452532618242,0.016133403309886864,0.50567078861519443,0.52602997980494204,0.53690761230136608,0.54767513340650675,0.56947852260626575,0.00030900090001144756
z_subj.17,0.45823429285567624,0.015479951176530558,0.42771730073801473,0.44788140254705044,0.45790824078453152,0.46866372094145842,0.48888760537220072,0.00024848034927905049
z_subj.18,0.48470760542451224,0.015003340773112368,0.45523459507451836,0.47455905603433501,0.48485806207664711,0.49484674754050545,0.51374490747927726,0.0002285688651302535
z_subj.19,0.44855342825098299,0.014930778607341664,0.41858997489107469,0.43870464229589506,0.44860220764629311,0.45886111075385938,0.47780588619437875,0.00023002475711234312
z_subj.20,0.45329374487933399,0.015332875657164007,0.42297208694951793,0.44315521390035922,0.45338920529146293,0.46376977308632361,0.48350785615182951,0.00024022315000078688
